Tau,Spectrum modulus (htau)
1.8000000000000017e-05,668771353.8906767
1.8536596229386846e-05,655737700.0358698
1.908918887618435e-05,642958058.7010069
1.9658254808018473e-05,630427479.4452739
2.024428510836893e-05,618141108.3068405
2.0847785500356856e-05,606094185.9225798
2.1469276783165574e-05,594282045.68444
2.2109295281471618e-05,582700111.9317433
2.276839330827376e-05,571343898.1787151
2.3447139641519093e-05,560209005.376561
2.414612001493829e-05,549291120.2094043
2.4865937623512607e-05,538586013.4234444
2.560721364400955e-05,528089538.1886731
2.6370587771036185e-05,517797628.49251854
2.715671876907243e-05,507706297.5648006
2.7966285040961476e-05,497811636.33337414
2.8799985213346875e-05,488109811.90987754
2.965853873956234e-05,478597066.10498863
3.05426865204942e-05,469269713.9726173
3.145319154395204e-05,460124142.382473
3.239083954310017e-05,451156808.6204455
3.335643967451691e-05,442364239.01626855
3.435082521646774e-05,433743027.59792674
3.5374854287994624e-05,425289834.7722854
3.6429410589441644e-05,417001386.0314375
3.7515404165057144e-05,408874470.68425655
3.863377218832895e-05,400905940.6126755
3.978547977073165e-05,393092709.05220187
4.097152079458279e-05,385431749.39620185
4.219291877072819e-05,377920094.023483
4.3450727721794716e-05,370554833.1487306
4.4746033091774094e-05,363333113.6953463
4.6079952682722204e-05,356252138.1902532
4.745363761938177e-05,349309163.6802428
4.886827334256228e-05,342501500.6694357
5.032508063213249e-05,335826512.0774564
5.182531666050974e-05,329281612.2179083
5.337027607755473e-05,322864265.79675794
5.4961292127807504e-05,316571986.9302419
5.659973780103026e-05,310402338.18190855
5.8287027017047805e-05,304352929.618433
6.002461584590981e-05,298421417.8838285
6.181400376442706e-05,292605505.2917029
6.365673495016566e-05,286902938.93520707
6.555439961401763e-05,281311509.8143249
6.750863537249537e-05,275829051.98017687
6.952112866093599e-05,270453441.6959971
7.159361618883474e-05,265182596.61446312
7.372788643856233e-05,260014474.97105923
7.592578120876193e-05,254947074.79315805
7.818919720375477e-05,249978433.124519
8.052008767032815e-05,245106625.26489857
8.292046408331675e-05,240329764.0244821
8.539239788143419e-05,235645998.99284205
8.79380222548496e-05,231053515.82214764
9.055953398605444e-05,226550535.52434137
9.325919534560714e-05,222135313.78201368
9.603933604439062e-05,217806140.27270907
9.890235524407032e-05,213561338.00639778
0.00010185072362748391,209399262.67586258
0.00010488698553075212,205318302.01974443
0.0001080137611389496,201316875.1980016
0.00011123374874723026,197393432.17954138
0.00011454972708935945,193546453.14178503
0.00011796455773566172,189774447.88193515
0.000121481187562453,186075955.23971698
0.00012510265129508891,182449542.53137016
0.00012883207412682458,178893804.99467015
0.0001326726744157434,175407365.24476722
0.0001366277664620853,171988872.7406294
0.00014070076336836874,168637003.261884
0.00014489517998477513,165350458.39585635
0.0001492146359423395,162127965.03460327
0.00015366285877656106,158968274.8817509
0.00015824368714413347,155870163.96894264
0.00016296107413556757,152832432.18171135
0.00016781909068656607,149853902.79459214
0.0001728219290910961,146933422.01529422
0.00017797390661918722,144069858.53775814
0.00018327946924258164,141262103.1039216
0.00018874319547144787,138509068.0740274
0.0001943698003054701,135809687.00530502
0.00020016413930272508,133162914.23886298
0.00020613121276985297,130567724.4946335
0.00021227617007714392,128023112.47420937
0.0002186043141022593,125528092.47142267
0.00022512110580642433,123081697.99051256
0.00023183216894704213,120682981.37173413
0.00023874329493079506,118331013.42426388
0.0002458604478114202,116024883.06625998
0.0002531897694364741,113763696.97193678
0.00026073758474752615,111546579.22551806
0.00026851040723835677,109372670.98193379
0.00027651494457586924,107241130.13412976
0.00028475810438856477,105151130.98686132
0.00029324700022757865,103101863.93684408
0.0003019889577054188,101092535.15913852
0.00031099152081770693,99122366.29964645
0.00032026245845337675,97190594.17360024
0.0003298097710989455,95296470.46992849
0.00033964169774264736,93439261.46138321
0.00034976672298438357,91618247.72031637
0.00036019358435762845,89832723.83999549
0.0003709312798696079,88081998.16135053
0.0003819890757662558,86365392.50504646
0.00039337651452865245,84682241.9087771
0.0004051034231078422,83031894.36967932
0.0004171799214051402,81413710.59176674
0.00042961643100524534,79827063.738286
0.0004424236841696921,78271339.18889938
0.0004556127330984084,76745934.3015996
0.0004691949594673663,75250258.17926478
0.0004831820842505605,73783731.44076276
0.0004975861778347894,72345785.99651647
0.000512419670435965,70935864.82844341
0.0005276953628259416,69553421.77418394
0.0005434264373791264,68197921.31553425
0.0005596264694483907,66868838.3710033
0.0005763094390801167,65565658.09241193
0.0005934897430784745,64287875.66545635
0.0006111822074293449,63034996.11415874
0.000629402100094618,61806534.10912815
0.0006481651441878915,60602013.779559
0.0006674875315429578,59420968.52889293
0.0006873859366867736,58262940.85407355
0.0007078775312289775,57127482.16832372
0.0007289799986803734,56014152.62737659
0.000750711549713168,54922520.95909312
0.0007730909378761252,53852164.296400525
0.0007961374757782069,52802668.01348621
0.0008198710517546596,51773625.56518449
0.0008443121470299354,50764638.32949316
0.0008694818533922554,49775315.45315933
0.000895401891395064,48805273.700274825
0.0009220946291010886,47854137.30382206
0.0009495831013851724,46921537.82011341
0.0009778910298125466,46007113.98606713
0.0010070428431096917,45110511.579264894
0.0010370636982454504,44231383.28073679
0.0010679795021405886,43369388.540420376
0.0010998169340245376,42524193.44524195
0.0011326034684586124,41695470.589768566
0.0011663673990455756,40882898.94938101
0.0012011378628459966,40086163.75591857
0.001236944865522493,39304956.37574725
0.001273819307233537,38538974.1902045
0.0013117930092991848,37787920.47837366
0.0013508987416617371,37051504.30214326
0.0013911702511650204,36329440.393506266
0.001432642290676704,35621449.04405581
0.0014753506490787739,34927255.99663461
0.001519332182152056,34246592.339095816
0.0015646248443814369,33579194.40013448
0.001611267721709218,32924803.64714923
0.0016593010652648777,32283166.586094458
0.0017087663261003618,31654034.66328414
0.0017597061909608415,31037164.169109732
0.0018121646191218554,30432316.143634126
0.0018661868803245797,29839256.28402574
0.0019218195938419875,29257754.853796642
0.001979110768709619,28687586.593809247
0.002038109845155644,28128530.63501779
0.002098867737266016,27580370.412910044
0.0021614368769214964,27042893.583616674
0.0022258712590444807,26515891.94165555
0.002292226488194693,25999161.339278933
0.002360559826553909,25492501.607392807
0.002430930243341179,24995716.478017114
0.0025033984657011413,24508613.508257356
0.002578027031109364,24031004.00575789
0.0026548803413399555,23562702.95560796
0.0027340247180419686,23103528.948672388
0.002815528459972622,22653304.11131891
0.0028994619019366563,22211854.03651517
0.002985897475482766,21779007.71626846
0.0030749097714094192,21354597.47538219
0.0031665756041340306,20938458.906503428
0.0032609740779810693,20530430.80643616
0.003358186655446227,20130355.11369593
0.00345829722749565,19738076.84728128
0.003561392185960825,19353444.046638608
0.003667560498091619,18976307.71279705
0.0037768937833318472,18606521.750650465
0.0038894863923835377,18243942.91236445
0.0040054354886282255,17888430.741886146
0.004124841131975457,17539847.520535592
0.0042478063652108865,17198058.213657446
0.0043744373029185315,16862930.418312304
0.004504843223053819,16534334.311987644
0.004639136661246573,16212142.602308152
0.00477743350791519,15896230.477726297
0.004919853108275945,15586475.559173794
0.005066518365333614,15282757.852655381
0.0052175558459423435,14984959.702766534
0.005373095890028341,14692965.747116955
0.005533272723068512,14406662.871642455
0.005698224571922265,14125940.166787622
0.005868093784116319,13850688.884542542
0.006043026950685491,13580802.396316834
0.006223175032675544,13316176.15163457
0.006408693491417096,13056707.637634363
0.006599742422683225,12802296.33935857
0.00679648669484635,12552843.70081657
0.0069990960911537,12308253.086806841
0.007207745456244216,12068429.745483013
0.007422614847033143,11833280.771649588
0.007643889688094737,11602715.0707729
0.007871760931676994,11376643.323693508
0.008106425222486573,11154977.952026343
0.00834808506738617,10937633.084235065
0.008596949010150609,10724524.522367744
0.008853231811432709,10515569.70944069
0.00911715463409395,10310687.697458064
0.009388945234060142,10109799.116054658
0.009668838156866602,9912826.141749846
0.009957074940062496,9719692.467800781
0.010253904321649153,9530323.274643015
0.010559582454731944,9344645.200907348
0.010874373128571304,9162586.31500139
0.01119854799622336,8984076.08724508
0.011532386808966743,8809045.362549216
0.011876177657717974,8637426.333626423
0.012230217221643505,8469152.5147243
0.01259481102418327,8304158.715870379
0.012970273696706417,8142381.017619109
0.013356929250026852,7983756.746290978
0.013755111354013035,7828224.449694155
0.014165163625532998,7675723.873319381
0.014587439924983485,7526195.936998704
0.015022304661658652,7379582.712019214
0.015470133108222331,7235827.398682711
0.015931311724554816,7094874.304302792
0.016406238491253833,6956668.82163074
0.016895323253077618,6821157.407701816
0.01739898807262612,6688287.563093923
0.01791766759456599,6558007.811590389
0.018451809420713266,6430267.6802391885
0.01900187449629766,6305017.679800757
0.01956833750774185,6182209.285576855
0.02015168729229869,6061794.918613087
0.020752427259900355,5943727.927267744
0.021371075827582988,5827962.569139855
0.022008166866861932,5714453.993349482
0.022664250164443858,5603158.223163288
0.02333989189667277,5494032.138958803
0.024035675118120034,5387033.461520627
0.024752200264739507,5282120.735662219
0.02549008567202211,5179253.314166888
0.026249968108597376,5078391.342041719
0.0270325033257417,4979495.741078447
0.02783836662326839,4882528.194715139
0.028668253432286944,4787451.1331930095
0.029522879915335344,4694227.719002416
0.030402983584402545,4602821.832612598
0.03130932393737477,4513198.058479461
0.03224268311345514,4425321.671326087
0.03320386656812149,4339158.622690643
0.034193703768205796,4254675.52773642
0.03521304890769413,4171839.652318974
0.03626278164486539,4090618.9003053107
0.03734380786140502,4010981.8011401817
0.03845706044414814,3932897.4976547547
0.039603500090127655,3856335.7341128346
0.04078411613562122,3781266.8444900922
0.041999927409912825,3707661.7409817134
0.04325198311450618,3635491.902734008
0.044541363728547674,3564729.364795668
0.045869181941241385,3495346.707284321
0.04723658361205964,3427317.0447642566
0.04864474875957891,3360614.0158311413
0.05009489257979338,3295211.7728997446
0.051588266494785345,3231084.9721907005
0.053126159232657885,3168208.763912388
0.05470989793966057,3106558.782634206
0.05634084932546947,3046111.137847432
0.058020420842608326,2986842.404710064
0.05975006190102947,2928729.6149720405
0.06153126511890298,2871750.2480773116
0.06336556761069212,2815882.2224393426
0.06525455231362844,2761103.8868866377
0.06719984935372954,2707394.012274999
0.06920313745253921,2654731.783263265
0.07126614537580434,2603096.7902493062
0.07339065342533713,2552469.0214632303
0.0755784949753522,2502828.8552146456
0.07783155805460258,2454157.0522910487
0.08015178697568046,2406434.748504363
0.08254118401288979,2359643.447382725
0.08500181113013651,2313765.013004736
0.08753579176033008,2268781.6629733355
0.09014531263782918,2224675.9615266514
0.09283262568551562,2181430.812783085
0.09560004995812275,2139029.4541180646
0.09844997364349614,2097455.4496698943
0.10138485612351474,2056692.683972144
0.1044072300964483,2016725.3557101774
0.1075197037625859,1977537.9715993358
0.11072496307501893,1939115.3403824554
0.11402577405752178,1901442.5669443682
0.11742498519153192,1864505.0465411022
0.12092552987428638,1828288.4591415704
0.12453042895023896,1792778.7638795255
0.12824279331794033,1757962.193613655
0.1320658266146315,1723825.2495937063
0.13600282798086866,1690354.696230552
0.14005719490756197,1657537.5559682099
0.14423242616788956,1625361.1042557873
0.148532124836612,1593812.8646174448
0.15296000139939753,1562880.6038184278
0.1575198769548377,1532552.3271253274
0.1622156865119179,1502816.27365872
0.1670514823857898,1473660.9118363757
0.17203143769477283,1445074.9349052962
0.17715984996160675,1417047.2565608185
0.18244114482205864,1389567.006651121
0.18787987984408866,1362623.5269654386
0.1934807484608658,1336206.3671043843
0.1992485840210348,1310305.2804307363
0.205188363959721,1284910.220099172
0.2113052140938787,1260011.3351633751
0.2176044130456876,1235598.9667590142
0.2240913967978126,1211663.6443611332
0.23077176338446445,1188196.0821144707
0.23765127772230074,1165187.1752353178
0.24473587658534232,1142627.9964835057
0.252031673728197,1120509.7927031536
0.2595449651620082,1098823.9814308528
0.26728223458768985,1077562.1475699442
0.2752501589911254,1056716.0401296343
0.2834556144051678,1036277.5690276643
0.29190568184340954,1016238.8019552989
0.3006076534108409,996591.9613034291
0.30956903859667867,977329.4211485761
0.31879757075478327,958443.7042976564
0.32830121377726645,939927.4793903454
0.33808816896704497,921773.5580579191
0.3481668821152679,903974.8921374824
0.3585460507897358,886524.5709404869
0.36923463184058636,869415.8185745017
0.38024184912973674,852641.9913171823
0.3915772014907418,836196.5750414361
0.40325047092595173,820073.1826907623
0.41527173104802556,804265.5518038182
0.42765135577309843,788767.5420872329
0.4404000282730999,773573.1330357313
0.4535287501949442,758676.4215986561
0.46704885115456246,744071.6198919652
0.48097199851395067,729753.0529548398
0.49531020744968585,715715.1565500172
0.5100758513215929,701952.4750070056
0.5252816723505065,688459.6591073426
0.5409407926143559,675231.4640110724
0.557066725372044,662262.7472236507
0.5736733867249055,649548.4666024775
0.5907751076258043,637083.6784022934
0.6083866462462267,624863.5353586801
0.6265232007120614,612883.284808916
0.6452004222190314,601138.2668494718
0.6644344285391159,589623.9125294213
0.6842418179296107,578335.7420790714
0.7046396834568228,567269.3631731281
0.7256456277467818,556420.469227716
0.7472777781756684,545784.8377306049
0.7695548025130924,535358.3286039847
0.792495925031708,525136.882599161
0.8161209430970658,515116.5197225501
0.8404502442520385,505293.33769235364
0.865504823810532,495663.5104253302
0.8913063029756899,486223.28655306547
0.9178769474982178,476968.98796717083
0.9452396868909199,467897.0083928486
0.9734181342160562,459003.81199026323
1.0024366064625616,450285.9319831885
1.032320145530736,441739.96931438835
1.0630945398425078,433362.5913272172
1.0947863465959087,425150.53047292755
1.1274229146829946,417100.58304317895
1.1610324082909504,409209.60792726575
1.1956438312067768,401474.5253935757
1.2312870518465089,393892.31589481095
1.2679928290306013,386460.0188965028
1.3057928385276767,379174.73172837496
1.344719700389581,372033.6084581025
1.384807007101319,365033.85878703423
1.426089352570154,358172.7469674506
1.4686023619789232,351447.5907409326
1.5123827225292832,344855.7602974387
1.5574682151014498,338394.6772546784
1.603897746857746,332061.81365739217
1.6517113848180736,325854.69099614915
1.7009503904363334,319770.87924527714
1.7516572552075662,313807.99591956066
1.803875737336592,307963.70514933567
1.8576508994997734,302235.7167736223
1.913029147732475,296621.7854509503
1.9700582714758275,291119.7097875218
2.0287874848172867,285727.33148238494
2.0892674689606276,280442.5344892804
2.151550415962012,275263.24419483636
2.2156900737698386,270187.4266127973
2.281741792607323,265213.087593968
2.349762572737736,260338.27205157338
2.4198111136535894,255561.063201729
2.4919478647321975,250879.58181872976
2.5662350774013007,246291.9855048695
2.6427368588598426,241796.46797450367
2.721519227400164,237391.25835208394
2.802650169379424,233074.62048388802
2.8861996978893942,228844.85226317952
2.9722399131752195,224700.2849685373
3.060845064855378,220639.28261509407
3.152091615996416,216660.24131843806
3.246058309097833,212761.5886709272
3.3428262340440447,208941.78313017474
3.442478898082012,205199.31341947205
3.545102297885041,201532.6979399103
3.650784993764802,197940.48419397982
3.75961818609571,194421.24822041902
3.8716957940175494,190973.59404009624
3.987114536484364,187596.15311270708
4.105974015729415,184287.58380407977
4.228376803218342,181046.57086387996
4.354428528164668,177871.82491351207
4.4842379686839795,174762.08194402186
4.6179171456655945,171716.10282379936
4.755581419442536,168732.67281589835
4.897349589343365,165810.60110478027
5.043343996211752,162948.7203323007
5.193690627982193,160145.88614275926
5.348519228403134,157400.9767368342
5.507963409001138,154712.89243423092
5.6721607643828404,152080.55524487406
5.841252990974171,149502.908448476
6.015386009299242,146978.91618232074
6.194710089904589,144507.56303709972
6.37937998303722,142087.853660647
6.56955505218853,139718.8123694171
6.765399411619297,137399.4827675559
6.96708206798434,135128.92737341698
7.174777066179284,132906.22725337703
7.388663639535,130730.48166281075
7.608926364489559,128600.80769408362
7.835755319871081,126516.33993142705
8.069346250928893,124476.23011256251
8.309900738254736,122479.64679694085
8.557626371739532,120525.77504047171
8.812736929716017,118613.8160766137
9.075452563441795,116742.987003703
9.3459999870819,114912.52047839927
9.624612673355093,113121.66441512795
9.911531055012373,111369.68169140515
10.207002732321824,109655.84985892833
10.511282686738786,107979.46086032163
10.824633500945623,106339.82075142626
11.147325585451277,104736.24942902625
11.479637411945749,103168.08036390657
11.82185575361122,101634.66033913755
12.17427593259693,100135.3491934856
12.537202074871725,98669.51956984884
12.910947372673775,97236.55666862206
13.29583435478425,95835.85800589327
13.692195164858115,94466.83317637898
14.100371848052085,93128.903621006
14.520716646197469,91821.50239904855
14.953592301772142,90544.0739647334
15.3993723709343,89296.07394822553
15.858441545888057,88076.96894090898
16.331195986858887,86886.23628488014
16.818043663965877,85723.36386657046
17.319404709285163,84587.84991441984
17.83571177940888,83479.20280052078
18.367410428812306,82396.94084615663
18.91495949435125,81340.59213115863
19.478831491222,80309.69430700646
20.059513020724843,79303.79441360115
20.65750519018356,78322.44869963778
21.273324045383124,77365.22244650853
21.907501015898497,76431.68979566792
22.56058337369957,75521.43357939195
23.23313470542703,74634.0451548666
23.9257353987475,73769.12424154018
24.638983143207266,72926.27876167627
25.373493446016745,72105.12468404582
26.129900163211413,71305.28587069633
26.90885604664661,70526.39392673959
27.711033307299026,69768.08805309885
28.53712419536072,69030.01490215785
29.387841597625954,68311.82843625628
30.26391965268726,67613.18978897508
31.16611438447048,66933.76712915911
32.09520435465634,66273.23552762289
33.05199133455131,65631.27682648806
34.03730099698722,65007.57951110146
35.05198362884766,64401.83858448344
36.096914864834794,63813.75544425811
37.172996443110854,63243.03776201683
38.281156983465486,62689.39936506827
39.42235278868175,62152.56012052839
40.59756866979086,61632.24582170547
41.80781879592878,61128.18807673568
43.054147569527935,60640.124199425394
44.33763052759865,60167.79710225799
45.659375269879526,59710.95519152278
47.02052241465594,59269.35226452551
48.42224658307279,58842.74740883992
49.86575741279045,58430.90490356099
51.352300601858325,58033.59412252126
52.88315898370811,57650.58943943205
54.45965363419266,57281.670134912885
56.08314501162713,56926.62030537218
57.7550341308158,56585.22877370374
59.47676377207709,56257.28900176406
61.24981972631197,55942.59900459576
63.07573207718763,55640.96126636387
64.956076521545,55352.18265797183
66.89247572916867,55076.07435632459
68.8866007430921,54812.451765207494
70.94017242164871,54561.13443774941
73.05496292351029,54321.946000439915
75.2327972369964,54094.71407867053
77.47555475497413,53879.27022377057
79.78517089670589,53675.44984150915
82.1636387780479,53483.09212203468
84.6130109314369,53302.03997122482
87.13540107715221,53132.1399434193
89.73298594738066,52973.2421755094
92.40800716465765,52825.20032235776
95.162773176308,52687.871493523235
97.99966124655249,52561.11619126565
100.92111950800175,52444.79824980599
103.92966907430703,52338.78477581783
107.02790621579003,52242.94609012664
110.21850459993226,52157.155670593675
113.50421759865328,52081.29009616187
116.88788066437237,52015.22899204149
120.37241377690125,51958.85497601382
123.96082396328327,51912.05360583138
127.65620789274895,51874.71332769397
131.46175454903064,51846.725425779856
135.3807479823413,51827.983972811926
139.41657014339089,51818.38578163935
143.5727038018902,51817.83035781516
147.852735552055,51826.219853150906
152.26035890770837,51843.45902022973
156.799377489651,51869.45516785982
161.47370830804815,51904.1181174502
166.28738514267076,51947.3601602914
171.24456202390147,51999.09601572396
176.34951681751392,52059.24279017772
181.60665491631804,52127.71993706571
187.0205130418542,52204.449217516165
192.5957631594236,52289.35466192704
198.33721650982503,52382.36253232742
204.2498277612834,52483.40128553052
210.33869928515128,52592.40153706351
216.60908555907028,52709.29602585937
223.06639770139952,52834.01957969657
229.71620814081473,52966.50908137242
236.56425542511477,53106.70343559627
243.61644917338302,53254.54353658926
250.87887517577443,53409.972236377114
258.35780064533714,53572.934313763115
266.0596796263906,53743.37644396863
273.9911585641344,53921.24716892849
282.15908204029296,54106.49686822921
290.57049867974126,54299.077730677855
299.23266723321905,54498.9437264901
308.15306284136955,54706.050580085604
317.3393834855185,54920.355743479595
326.7995566307564,55141.81837025976
336.5417460670537,55370.39929013711
346.57435895432263,55606.06098406078
356.9060530774919,55848.76755988588
367.5457443178658,56098.48472858434
378.50261434720704,56355.17978098871
389.7861185511942,56618.82156505923
401.40599418907743,56889.38046366424
413.37226879658465,57166.82837286468
425.6952688393258,57451.138680693584
438.38562862415887,57742.28624642095
451.4542994762199,58040.247380295834
464.91255918952055,58344.999823756276
478.7720217592804,58656.52273009885
493.0446474043891,58974.79664559938
507.7427528886421,59299.803491076505
522.8790221496718,59631.5265438903
538.4665172447264,59969.950420367575
554.5186896227586,60315.06105864651
571.049391732543,60666.845701932856
588.0728889768387,61025.29288216007
605.6038720229271,61390.39240404644
623.6574694801252,61762.135329541605
642.2492609552345,62140.51396265569
661.3952904971834,62525.52183466393
681.1120804424609,62917.15368968009
701.4166456733077,63315.40547059216
722.326508300944,63720.274305353385
743.859712786524,64131.75849362255
766.03484151286,64549.857493747026
788.8710308203454,64974.5719100823
812.3879875209398,65405.90348064224
836.6060059044336,65843.8550650736
861.5459852516944,66288.43063294912
887.2294478699973,66739.6352523736
913.6785576659972,67197.47507889656
940.9161392723955,67661.95734472704
968.9656977447722,68133.09034824364
997.8514388456067,68610.88344379529
1027.5982899329852,69095.34703178714
1058.2319214720071,69586.49254904584
1089.778769187488,70084.3324594599
1122.2660568770339,70588.8802448889
1155.7218199042052,71100.15039633709
1190.1749293920207,71618.1584053862
1225.6551171377148,72142.92075588256
1262.1930012702019,72674.45491587312
1299.8201126724261,73212.77932978616
1338.5689221913835,73757.91341085109
1378.4728686592885,74309.87753375318
1419.5663877501006,74868.69302751779
1461.8849416962664,75434.38216861994
1505.4650498913554,76006.96817431379
1550.3443204049895,76586.47519617781
1596.561482437245,77172.92831387033
1644.1564197405824,77766.35352909147
1693.1702050380793,78366.77775974592
1743.6451354677213,78974.22883430189
1795.6247690833175,79588.7354863422
1849.1539624435195,80210.32734930114
1904.2789093214626,80839.03495138402
1961.0471805682864,81474.8897106626
2019.5077651650943,82117.92393034288
2079.71111249871,82768.17079419951
2141.7091758976335,83425.6643621711
2205.5554574659623,84090.43956611262
2271.3050542537326,84762.53220569757
2339.0147058037164,85441.97894446606
2408.7428431156445,86128.81730601267
2480.549639069993,86823.08567030725
2554.497060355099,87524.82327014461
2630.64892094212,88234.0701877148
2709.07093715423,88950.86735128946
2789.83078437748,89675.25653201687
2872.998155462155,90407.28034081798
2958.644820865289,91146.98222537864
3046.844690585917,91894.40646722757
3137.6738779467814,92649.59817889544
3231.210765277443,93412.60330114498
3327.5360715553256,94183.46860026389
3426.732922063402,94962.2416654134
3528.8869201242387,95748.97090602046
3634.0862209726292,96543.7055492067
3742.421607830445,97346.49563724239
3853.986570249193,98157.39202501417
3968.877384788267,98976.44637749734
4087.1931980980557,99803.71116721813
4209.0361124799865,100639.23967169537
4334.511273997204,101483.08597084772
4463.726963211729,102335.30494435098
4596.794688626834,103195.95226893296
4733.829282914763,104065.08441558764
4874.949002013254,104942.75864669317
5020.275627176231,105829.03301301635
5169.934570066518,106723.96635058198
5324.0549809817685,107627.6182773909
5482.76986030639,108540.04918996117
5646.216173286165,109461.32025967249
5814.534968224415,110391.49342888896
5987.871498201463,111330.63140683227
6166.375346423018,112278.79766518163
6350.200555304947,113236.05643336654
6539.505759406421,114202.47269352518
6734.454322325932,115178.1121750927
6935.214477678052,116163.04134898355
7141.959474273093,117157.32742133163
7354.86772562469,118161.03832674678
7574.122963914068,119174.24272104299
7799.914398544555,120197.00997339514
8032.436879422296,121229.41015787168
8271.891065104819,122271.51404429278
8518.483595962272,123323.39308835757
8772.427272500416,124385.11942097786
9033.941239000096,125456.76583675857
9303.25117263065,126538.40578155094
9580.589478201307,127630.11333901007
9866.195488718324,128731.96321607564
10160.315671920504,129844.03072729155
10463.203842972327,130966.39177787828
10775.121383497057,132099.12284545795
11096.337467139805,133242.30096033303
11427.129291854886,134396.00368420928
11767.782319117368,135560.3090872423
12118.590520266469,136735.295723289
12479.856630191936,137921.042603224
12851.892408583532,139117.6291661827
13235.018908968623,140325.13524857737
13629.56675576948,141543.64105071986
14035.876429620728,142773.22710088265
14454.298561191534,144013.97421660478
14885.194233767439,145265.9634630486
15328.93529485248,146529.27610819173
15785.904677059809,147803.9935746255
16256.496728569298,149090.197387719
16741.11755343542,150387.96911988477
17240.18536204067,151697.39033067029
17754.130831996317,153018.54250237715
18283.39747980126,154351.50697088693
18828.44204358141,155696.36485135867
19389.734877237795,157053.19695842874
19967.760356345316,158422.0837205286
20563.017296151727,159803.10508790385
21176.01938203675,161196.3404338885
21807.295612804755,162601.86844896452
22457.390757191188,164019.76702709481
23126.865823978664,165450.11314379153
23816.298546127717,166892.98272533997
24526.283879338953,168348.4505085576
25257.43451547924,169816.5898904324
26010.38141131212,171297.4727669289
26785.77433299114,172791.16936021368
27584.28241678506,174297.74803349335
28406.594746517683,175817.27509260288
29253.420948223356,177349.8145734332
30125.49180252799,178895.4280142105
31023.559875286835,180454.17421158793
31948.400167022202,182026.10895943083
32900.810781720225,183611.2847691022
33881.613615566996,185209.75056998347
34891.65506621455,186821.55138886734
35931.806763192064,188446.72800678315
37002.966320091306,190085.31659170942
38106.05810917394,191737.3483055282
39242.0340590728,193402.84888347343
40411.87447627111,195081.83818419953
41616.588891072184,196774.32970848525
42857.216928788446,198480.33008445223
44134.829206899536,200199.83851703754
45450.52825895818,201932.84619932523
46805.44948603585,203679.33568317187
48200.762136533674,205439.28020641292
49637.67031520241,207212.6429737559
51117.414022240315,208999.37638828318
52641.2702233704,210799.42123030475
54210.553951814596,212612.70578008433
55826.61944312087,214439.14488076378
57490.86130382055,216278.63893757595
59204.71571492216,218131.07284920238
60969.661671285976,219996.31486689273
62787.22225794181,221874.2153766902
64658.96596445747,223764.60559985126
66586.50803848979,225667.29620625646
68571.51187968378,227582.07583531452
70615.69047512766,229508.7095185661
72720.80787760008,231446.93699786652
74888.68072788238,233396.47093270338
77121.17982245675,235356.9949898757
79420.23172793434,237328.16180840204
81787.82044361405,239309.5908321882
84225.98911360369,241300.86600261598
86736.84178997771,243301.53330285536
89322.54524850145,245311.0981453469
91985.33085847832,247329.0225935263
94727.49650834253,249354.7224085222
97551.40858865554,251387.56391120312
100459.50403421347,253426.8606496172
103454.29242703757,255471.8698615675
106538.3581620506,257521.78872176583
109714.36267731815,259575.75036277738
112985.04675077548,261632.81965874907
116353.2328654175,263691.98876077123
119821.8276450039,265752.1723726465
123393.8243623679,267812.2027558225
127072.30552250471,269870.82445236086
130860.44552266426,271926.68871501193
134761.51339173855,273978.3476338163
138778.87561132046,276024.24794916983
142915.9990208529,278062.72454196704
147176.45380938821,280091.9935923645
151563.91659653533,282110.14539985446
156082.17360524615,284115.1368587895
160735.12392919514,286104.7835852818
165526.78289755274,288076.7516935469
170461.28554007233,290028.5492223549
175542.8901554746,291957.5172153202
180775.98198620166,293860.82046238024
186165.07700272964,295735.4379140733
191714.8258006841,297578.15278515196
197430.01761413924,299385.54236981494
203315.58444855758,301153.9675974333
209376.605336928,302879.56236522226
215618.31072279564,304558.2226929766
222046.0869739411,306185.59575482033
228665.48103062488,307757.06885408785
235482.20519240084,309267.7584200433
242502.1420476191,310712.4991192911
249731.34954989637,312085.83319059224
257176.0662459057,313382.00012945465
264842.7166590213,314594.92686850275
272737.9168334549,315718.21862132143
280868.4800436571,316745.1505813434
289241.4226739375,317668.660693511
297863.9702733446,318481.3437449191
306743.5637910588,319175.44705151825
315887.86599766836,319742.86805116775
325304.7680978566,320175.1541488261
335002.39654023875,320463.5051973135
344989.1200301863,320598.7790366116
355273.5567517233,320571.50055576494
365864.5818047141,320371.8747836058
376771.3348637466,319989.80455711106
388003.2280653546,319414.9133583682
399569.9541303435,318636.5739518337
411481.4947282655,317643.94349147147
423748.1290912466,316426.0058008775
436380.4428845838,314971.62155666563
449389.33734180813,313269.5871238961
462786.03867204575,311308.7027994796
476582.1077478385,309077.85121208586
490789.4500817682,306566.08660156355
505420.3261004734,303762.73565312114
520487.3617249731,300657.5104869752
536003.5592663697,297240.63429790095
551982.3086463826,293502.97999568767
568437.3989523775,289436.22201134317
585383.0303368375,285033.00119918416
602833.8262716044,280287.1024759884
620804.8461673933,275193.6444898872
639311.5983695305,269749.28019889223
658370.0535411072,263952.40675850643
677996.6584450732,257803.38256793685
698208.3501372105,251304.7487055889
719022.5705822133,244461.4513005923
740457.2817054585,237281.06064576286
762530.9808935251,229773.982071298
785262.7169567548,221953.65278635448
808672.1065677004,213836.7180827697
832779.3511896204,205443.17951502337
857605.2545095943,196796.50696472754
883171.2403913839,187923.70591707315
909499.371363436,178855.33088026536
936612.3676580625,169625.43573417584
964533.626818197,160271.4519751819
993287.2438886086,150833.9864076793
1022898.032209092,141356.53089603715
1053391.5448274612,131885.07840518924
1084794.0965509247,122467.6417817776
1117132.7866548335,113153.67459822685
1150435.5222683523,103993.39690541547
1184731.0424573473,95037.03288050722
1220048.9430251354,86333.97202801963
1256419.7020526147,77931.87064546967
1293874.7061997703,69875.7154832296
1332446.2777912002,62206.876623258984
1372167.7027091626,54962.18121735624
1413073.2591180613,48173.04345066826
1455198.2470452867,41864.68848339664
1498579.0188438909,36055.508723695115
1543253.0105633237,30756.589188198574
1589258.7742554464,25971.4345962541
1636636.0112435278,21695.924051996153
1685425.6063830787,17918.509733187308
1735669.663344036,14620.664220381703
1787411.5409446722,11777.56754204063
1840695.8905687544,9359.010544831279
1895568.6946980373,7330.476938160615
1952077.3065935154,5654.353594106334
2010270.4911596128,4291.208743688469
2070198.4670264893,3201.071824273384
2131912.9498869833,2344.6478415505435
2195467.197125338,1684.4036972980844
2260916.05377644,1185.4738954981724
2328315.9998551444,816.3476146870481
2397725.1990964334,549.3169406301546
2469203.5491487123,360.6852217801478
2542812.7332632607,230.75292306531833
2618616.273524693,143.61395031391265
2696679.585668273,86.80651513712935
2777070.035531269,50.86817855573196
2859856.997187343,28.844541592842607
2945111.912813808,15.795770352673902
3032908.3543436974,8.336073768421043
3123322.086955739,4.230135433268029
3216431.1344569023,2.059152945304792
3312315.8466142407,0.9591175242746991
3411058.968493772,0.42632921087208825
3512745.7118665366,0.18033475389396034
3617463.82874334,0.07237215724387003
3725303.6871014945,0.02746876622751528
3836358.348869253,0.009826899235761972
3950723.6502348124,0.003301786854627707
4068498.284349547,0.0010379780009332365
4189783.886496708,0.00030407834451191677
4314685.121798912,8.265838467735608e-05
4443309.775540518,2.075515923385755e-05
4575768.846182343,4.790905778838577e-06
4712176.641149398,1.0114631869276026e-06
4852650.875474155,1.9425763156674205e-07
4997312.773380263,3.374538635374228e-08
5146287.172894856,5.270129312329757e-09
5299702.6335791545,7.351929308162866e-10
5457691.547470811,9.098879639684038e-11
5620390.2533335565,9.918246889297634e-12
5787939.1543125035,9.449433673060934e-13
5960482.839097209,7.804805759733746e-14
6138170.2066963585,5.540530344775456e-15
6321154.594932336,3.349607328890842e-16
6509593.912766345,1.7079272735347542e-17
6703650.776568019,7.26945712575643e-19
6903492.650447587,2.5547305309680633e-20
7109291.990771483,7.3276529549793705e-22
7321226.394985799,1.6944272424740337e-23
7539478.754876742,3.117868021686546e-25
7764237.414399478,4.502619551600178e-27
7995696.332212289,5.02895959017127e-29
8234055.249056039,4.277044415659715e-31
8479519.860123038,2.7245880248443765e-33
8732301.992564876,1.277482066082557e-35
8992619.788291417,4.3276440276626917e-38
9260697.89221954,1.0386028350406784e-40
9536767.646133756,1.729379818736023e-43
9821067.288325608,1.954194150343973e-46
10113842.159185065,1.4638403307859468e-49
10415344.91292021,7.090292570449513e-53
10725835.735588871,2.1628233714255e-56
11045582.569629975,4.0402949873868473e-60
11374861.34508797,4.486974572913071e-64
11713956.217730895,2.870623726346666e-68
12063159.814266296,1.0232640459683066e-72
12422773.484867716,1.9616322744384676e-77
12793107.563229224,1.9478948496585284e-82
13174481.634371916,9.628190856221376e-88
13567224.81043472,2.271027298409086e-93
13971676.01468601,2.4443105821618406e-99
14388184.274002364,1.1447963216851194e-105
14817109.020066423,2.218562468932638e-112
15258820.399543127,1.6865427643435585e-119
15713699.593503473,4.752397677420271e-127
16182139.14636969,4.674522654054518e-135
16664543.304667154,1.5059551638595537e-143
17161328.365874853,1.485267402631959e-152
17672923.037674688,4.174531343844685e-162
18199768.80791138,3.099071415246205e-172
18742320.325580157,5.606480474001069e-183
19301045.7931727,2.2692429289391288e-194
19876427.370719347,1.876962406426394e-206
20468961.59187537,2.881940791631216e-219
21079159.79241231,7.418487641995111e-233
21707548.551481847,2.873522862855185e-247
22354670.146034952,1.4935203103962715e-262
23021083.0187877,9.224043296566652e-279
23707362.260136686,5.950696895423493e-296
24414100.104442123,3.497443892e-314
25141906.44110419,0.0
25891409.340875965,0.0
26663255.597866293,0.0
27458111.287699144,0.0
28276662.342313826,0.0
29119615.141898893,0.0
29987697.124473196,0.0
30881657.41363918,0.0
31802267.465048812,0.0
32750321.732143138,0.0
33726638.35173618,0.0
34732059.850038044,0.0
35767453.869725235,0.0
36833713.91868415,0.0
37931760.14107751,0.0
39062540.11139469,0.0
40227029.65217495,0.0
41426233.676107764,0.0
42661187.05323529,0.0
43932955.504009396,0.0
45242636.51896898,0.0
46591360.30583542,0.0
47980290.76484187,0.0
49410626.49313609,0.0
50883601.8191283,0.0
52400487.8676709,0.0
53962593.65699426,0.0
55571267.228343084,0.0
57227896.80928612,0.0
58933912.01170854,0.0
60690785.0655141,0.0
62500032.08910739,0.0
64363214.39775034,0.0
66281939.85091986,0.0
68257864.2398335,0.0
70292692.7163388,0.0
72388181.26439612,0.0
74546138.2154321,0.0
76768425.80886284,0.0
79056961.79914036,0.0
81413721.11070704,0.0
83840737.54228222,0.0
86340105.52196014,0.0
88913981.91462392,0.0
91564587.8832435,0.0
94294210.80566077,0.0
97105206.24851191,0.0
100000000.0,0.0
